<!-- Format: DD/MM/YYYY, Nom du groupe, Salle/Event, Adresse, Statut, Saut de ligne -->

30/08/2026
Prout
prout de test
test de prout
Confirmé

29/08/2026
Mad in Ska
Festival Festi'Beugnon
Grand'Combe-Chateleau France
Confirmé

28/08/2026
Mad in Ska
Festival Festi'Beugnon
Grand'Combe-Chateleau France
Confirmé

04/07/2026
Mad in Ska
Festival Ardenn'Rock
France
En attente

20/06/2026
Impressive Burricos de la Playa
20ans du groupe
Square Castan Besançon
Confirmé

04/06/2026
Impressive Burricos de la Playa
La Rodia
Besançon(25) France
En attente

30/05/2026
Impressive Burricos de la Playa
Crissey(39)
France
En attente

24/05/2026
Mad in Ska
Feria Pentecôtavic
Fezensac(32) France
Confirmé

18/04/2026
Mad in Ska
Kult 41
Bonn Deutchland
Confirmé

14/03/2026
Impressive Burricos de la Playa
Velotte
Besançon(25) France
Confirmé

06/12/2025
Mad in Ska
L'entre-deux
Bletterans(39) France
Confirmé

16/10/2025
Impressive Burricos de la Playa
L'entre-deux
Bletterans(39) France
Confirmé

11/10/2025
Mad in Ska
Le Bon Sens
Saint-Martin en Bresse(71) France
Annulé

29/08/2025
Mad in Ska
Festi'Beugnon
Grand'Combe-Chateleau France
Annulé

23/08/2025
Mad in Ska
Hot'Zone Festival
Bucey(70) France
Confirmé

22/08/2025
Mad in Ska
Atrack'Son Festival
Orchamps-Vennes(25) France
Confirmé

16/08/2025
Impressive Burricos de la Playa
Festival des Bouts d'Foins
Vadelans(70)
Annulé

02/08/2025
Mad in Ska
Festival La Nocturne
Brainans(39) France
Confirmé

14/07/2025
Impressive Burricos de la Playa
Sequane
Besançon(25) France
Confirmé

11/07/2025
Mad in Ska
Le Merkantoch
La mercantine(39) France
Confirmé

28/06/2025
Mad in Ska
Fête de Molay
Molay(39) France
Confirmé

07/06/2025
Mad in Ska
Nomad Festival Darius
Lons-le-saunier(39) France
Confirmé

24/05/2025
Mad in Ska
Festival Chamaille
Mailley et Chazelot(70) France
Confirmé

17/05/2025
Mad in Ska
Fête de Maisod
Maisod(39) France
Confirmé

19/04/2025
Mad in Ska
Kult 41
Bonn Deutchland
Confirmé

09/11/2024
Mad in Ska
Grenette
Cousance(39) France
Confirmé

19/10/2024
Mad in Ska
Halle Supamolly
Berlin Dutchland
Annulé

05/10/2024
Mad in Ska
Decibock Festival
Epenoy(25) France
Confirmé

14/09/2024
Mad in Ska
The Ouii Festival
Dole(39) France
Confirmé

13/09/2024
Inpressive Burricos de la Playa
Concert privé
Crissey(39) France
Confirmé

17/08/2024
Mad in Ska
Jeudis en Terrasse
Pont-de-poite(39) France
Confirmé

08/08/2024
Mad in Ska
Mercantoch
La Mercantine France
Confirmé

07/07/2024
Mad in Ska
Festival
Saint Vincent Sterlanges France
Confirmé

11/06/2024
Mad in Ska
Festival Jamix Chil Out
Deserviller(25) France
Confirmé

11/05/2024
Mad in Ska
Festival des Darbonnières
St Just Chaleysin(38) France
Confirmé

10/05/2024
Mad in Ska
Festival Rolling Saöne
Gray(70) France
Confirmé

27/04/2024
Mad in Ska
Aperock Festival
Champvans(39) France
Confirmé

23/09/2023
Mad in Ska
Bière du son
Chalindrey(52) France
Confirmé

24/08/2023
Mad in Ska
Jeudis en Terrasse
Pont-de-poite(39) France
Confirmé

15/08/2023
JIM
Fête d'Arlay
Arlay(39) France
Confirmé

30/03/2023
JIM
Apero Concert EIM
Bletterans(39) France
Confirmé

30/12/2022
JIM
Bar
Northwitch Dole(39) France
Confirmé

30/09/2022
JIM
Marché Bio
Dole(39) France
Confirmé
